idx	X	Y	component
0	1000	1000	0
1	1998	1000.379368931275	0
2	1000	2002.137061991011	1
3	1975	2001.030541750649	1
4	1000	3002.228154471158	2
5	1975	3002.137061991011	2
